id,name
1    ,Hunter
2    ,Diannne
3    ,Eldridge
4    ,Morton
5    ,Wandis
6    ,Adorne
7    ,Melisse
8    ,Leonid
9    ,Virginie
10   ,Greta
11   ,Brenna
12   ,Jandy
13   ,Hester
14   ,Keriann
15   ,Jaclin
16   ,Evey
17   ,Frederich
18   ,Nanny
19   ,Trixi
20   ,Tiebout
21   ,Colene
22   ,Crystie
23   ,Brant
24   ,Bernhard
25   ,Whittaker
26   ,Virgina
27   ,Faythe
28   ,Renato
29   ,Margit
30   ,Abigail
31   ,Tate
32   ,Cecil
33   ,Rene
34   ,Rockwell
35   ,Carmine
36   ,Elfie
37   ,Leighton
38   ,Jacinta
39   ,Meagan
40   ,Reece
41   ,Kalinda
42   ,Rusty
43   ,Marty
44   ,Guillemette
45   ,Trever
46   ,Rowena
47   ,Mimi
48   ,Luce
49   ,Hattie
50   ,Regan
51   ,Amberly
52   ,Mattie
53   ,Anthia
54   ,Alic
55   ,Matthieu
56   ,Nona
57   ,Ritchie
58   ,Claiborne
59   ,Devonne
60   ,Jewelle
61   ,Fairfax
62   ,Sven
63   ,Gelya
64   ,Townie
65   ,Coraline
66   ,Audrye
67   ,Lonnard
68   ,Myrle
69   ,Toby
70   ,Sherie
71   ,Brett
72   ,Heida
73   ,Jolene
74   ,Geoffry
75   ,Berni
76   ,Whittaker
77   ,Griz
78   ,Maddy
79   ,Keir
80   ,Doe
81   ,Kristan
82   ,Bianca
83   ,Lucias
84   ,Fernandina
85   ,Loren
86   ,Emma
87   ,Winn
88   ,Lory
89   ,Fara
90   ,Angel
91   ,Maris
92   ,Arlena
93   ,Terza
94   ,Nelly
95   ,Ailey
96   ,Homerus
97   ,Tyrone
98   ,Jacquelin
99   ,Cornell
100  ,Alwin
101  ,May
102  ,Carmen
103  ,Brandise
104  ,Damiano
105  ,Kimmy
106  ,Hadley
107  ,Amber
108  ,Abrahan
109  ,Ruben
110  ,Lulu
111  ,Kevyn
112  ,Margret
113  ,Glen
114  ,Haven
115  ,Addi
116  ,Garv
117  ,Valma
118  ,Gerome
119  ,Nariko
120  ,Remington
121  ,Carver
122  ,Leelah
123  ,Tailor
124  ,Jenica
125  ,Pieter
126  ,Corabel
127  ,Cinda
128  ,Kyla
129  ,Kinnie
130  ,Miles
131  ,Arel
132  ,Max
133  ,Ammamaria
134  ,Thor
135  ,Etan
136  ,Clementius
137  ,Timmie
138  ,Dianna
139  ,Alene
140  ,Linn
141  ,Berky
142  ,Quintin
143  ,Eveline
144  ,Sylas
145  ,Ash
146  ,Cort
147  ,Alyce
148  ,Sadella
149  ,Wyatan
150  ,Clary
151  ,Manny
152  ,Misti
153  ,Arabella
154  ,Gwyneth
155  ,Sharla
156  ,Reinold
157  ,Ransell
158  ,Ardene
159  ,Janeen
160  ,Marlin
161  ,Sandi
162  ,Shea
163  ,Jacinda
164  ,Gilbertine
165  ,Marigold
166  ,Shaun
167  ,Freedman
168  ,Torry
169  ,Twila
170  ,Page
171  ,Clyve
172  ,Ilysa
173  ,Ker
174  ,Morena
175  ,Edeline
176  ,Humberto
177  ,Merell
178  ,Aloysia
179  ,Geoffrey
180  ,Melesa
181  ,Hussein
182  ,Nicolais
183  ,Bevvy
184  ,Scottie
185  ,Levin
186  ,Glenden
187  ,Jilleen
188  ,Tildie
189  ,Janice
190  ,Paquito
191  ,Goldia
192  ,Franny
193  ,Gerri
194  ,Karina
195  ,Abbi
196  ,Dionysus
197  ,Annabell
198  ,Billie
199  ,Dane
200  ,Graig
201  ,Selig
202  ,Uta
203  ,Adan
204  ,Jeannette
205  ,Aprilette
206  ,Bryan
207  ,Trefor
208  ,Martha
209  ,Bronson
210  ,Eldon
211  ,Clarita
212  ,Orren
213  ,Lin
214  ,Rees
215  ,Craggy
216  ,Ainslee
217  ,Aretha
218  ,Morton
219  ,Flinn
220  ,Rustin
221  ,Karlene
222  ,Dillie
223  ,Lucius
224  ,Nikoletta
225  ,Kailey
226  ,Isadora
227  ,Ara
228  ,Peg
229  ,Margaretta
230  ,Davon
231  ,Hettie
232  ,Burt
233  ,Pren
234  ,Millie
235  ,Justine
236  ,Elisa
237  ,Orazio
238  ,Theobald
239  ,Cassie
240  ,Claudian
241  ,Dulcea
242  ,Court
243  ,Clara
244  ,Huntington
245  ,Talya
246  ,Sid
247  ,Jacinta
248  ,Dniren
249  ,Selene
250  ,Bria
251  ,Griz
252  ,Keslie
253  ,Raine
254  ,Marcos
255  ,Daniele
256  ,Georgette
257  ,Regan
258  ,Mignon
259  ,Ernest
260  ,Brandon
261  ,Corrina
262  ,Nikkie
263  ,Emmy
264  ,Raye
265  ,Thacher
266  ,Felita
267  ,Elka
268  ,Klarika
269  ,Blithe
270  ,Francois
271  ,Davin
272  ,Naomi
273  ,Karlan
274  ,Bevon
275  ,Blithe
276  ,Philippine
277  ,Jacquelin
278  ,Hanson
279  ,Blakeley
280  ,Candida
281  ,Cherianne
282  ,Paddy
283  ,Roxy
284  ,Tiphanie
285  ,Theo
286  ,Roanne
287  ,Vite
288  ,Ranique
289  ,Kane
290  ,Patrick
291  ,Cynthea
292  ,Tann
293  ,Laird
294  ,Hyman
295  ,Ameline
296  ,Jojo
297  ,Davie
298  ,Ginnie
299  ,Boris
300  ,Jerrine
301  ,Evvie
302  ,Daffy
303  ,Emilee
304  ,Joelle
305  ,Dick
306  ,Valle
307  ,Rocky
308  ,Drucie
309  ,Beverie
310  ,Batsheva
311  ,Floria
312  ,Linea
313  ,Herrick
314  ,Verge
315  ,Bill
316  ,Lynne
317  ,Ronny
318  ,Biron
319  ,Kain
320  ,Pandora
321  ,Cinnamon
322  ,Avictor
323  ,Abagail
324  ,Tan
325  ,Sena
326  ,Talya
327  ,Elvira
328  ,Dedie
329  ,Nelia
330  ,Nadean
331  ,Halette
332  ,Kent
333  ,Kenneth
334  ,Chandra
335  ,Clara
336  ,Christabella
337  ,Trista
338  ,Carole
339  ,Shaylyn
340  ,Frieda
341  ,Ernest
342  ,Dyanna
343  ,Ingemar
344  ,Thor
345  ,Lilian
346  ,Roanna
347  ,Dianna
348  ,Tommy
349  ,Gilly
350  ,Mabelle
351  ,Hedy
352  ,Florida
353  ,Torey
354  ,Konstance
355  ,Courtney
356  ,Lyda
357  ,Elaine
358  ,Susannah
359  ,Alwyn
360  ,Garold
361  ,Sayre
362  ,Camey
363  ,Mathew
364  ,Bald
365  ,Emlen
366  ,Sal
367  ,Saundra
368  ,Lindsay
369  ,Jacinthe
370  ,Dalenna
371  ,Lane
372  ,Mozes
373  ,Miner
374  ,Rod
375  ,Josh
376  ,Tilda
377  ,Manny
378  ,Bank
379  ,Cozmo
380  ,Hagen
381  ,Melisse
382  ,Hildegarde
383  ,Ceciley
384  ,Ferdinanda
385  ,Waring
386  ,Vite
387  ,Aldo
388  ,Linell
389  ,Laurianne
390  ,Martica
391  ,Tilly
392  ,Darcy
393  ,Clara
394  ,Margo
395  ,Heida
396  ,Xever
397  ,Kristin
398  ,Yolanthe
399  ,Leontyne
400  ,Georg
401  ,Melisandra
402  ,Erhard
403  ,Lishe
404  ,Hebert
405  ,Bren
406  ,Marylee
407  ,Ainslie
408  ,Daron
409  ,Tommy
410  ,Ludvig
411  ,Nicky
412  ,Paquito
413  ,Patrica
414  ,Queenie
415  ,Quintana
416  ,Shepherd
417  ,Jaime
418  ,Dylan
419  ,Deanne
420  ,Adriano
421  ,Gilberta
422  ,Jenni
423  ,Austine
424  ,Janene
425  ,Kermie
426  ,Britni
427  ,Kalina
428  ,John
429  ,Cherida
430  ,Leeanne
431  ,Burt
432  ,Celestyn
433  ,Eberto
434  ,Sherm
435  ,Mollie
436  ,Barbette
437  ,Lisetta
438  ,Cameron
439  ,Fletcher
440  ,Taddeo
441  ,Amelia
442  ,Glenna
443  ,Dyanna
444  ,Diena
445  ,Maddy
446  ,Hetty
447  ,Harald
448  ,Aharon
449  ,Izzy
450  ,Retha
451  ,Birdie
452  ,Forester
453  ,Yetty
454  ,Collin
455  ,Jamima
456  ,Daphna
457  ,Abramo
458  ,Katina
459  ,Mariquilla
460  ,Neils
461  ,Ammamaria
462  ,Liana
463  ,Merola
464  ,Shermie
465  ,Gwenora
466  ,Harli
467  ,Janeva
468  ,Kesley
469  ,Giffer
470  ,Gnni
471  ,Randene
472  ,Lanie
473  ,Alexander
474  ,Mia
475  ,Deborah
476  ,Joeann
477  ,Alyce
478  ,Cob
479  ,Rhea
480  ,Electra
481  ,Stephana
482  ,Fulton
483  ,Nelson
484  ,Jerome
485  ,Rosy
486  ,Janis
487  ,Carlyn
488  ,Irma
489  ,Tybie
490  ,Etan
491  ,Rochelle
492  ,Fiona
493  ,Lurleen
494  ,Jenifer
495  ,Peyter
496  ,Cyndi
497  ,Sammy
498  ,Thalia
499  ,Alf
500  ,Cecil
501  ,Myrtie
502  ,Sherie
503  ,Tanner
504  ,Morgana
505  ,Jaclyn
506  ,Rawley
507  ,Bron
508  ,Isabella
509  ,Sandra
510  ,Flemming
511  ,Lorenzo
512  ,Concordia
513  ,Myrle
514  ,Leonid
515  ,Alvis
516  ,Yvor
517  ,Tamma
518  ,Kirby
519  ,Bonnee
520  ,Darwin
521  ,Laural
522  ,Mandel
523  ,Filip
524  ,Basil
525  ,Aldwin
526  ,Federico
527  ,Elwood
528  ,Brannon
529  ,Paddie
530  ,Denny
531  ,Vittoria
532  ,Vanessa
533  ,Jeffy
534  ,Shannan
535  ,Prudence
536  ,Savina
537  ,Wynny
538  ,Galina
539  ,Seamus
540  ,Michel
541  ,Tammi
542  ,Wrennie
543  ,Ewart
544  ,Aldo
545  ,Frasquito
546  ,Forster
547  ,Farly
548  ,Bunnie
549  ,Gale
550  ,Dulce
551  ,Ron
552  ,Penelope
553  ,Dante
554  ,Nannie
555  ,Drusy
556  ,Bree
557  ,Ax
558  ,Charil
559  ,Amerigo
560  ,Abram
561  ,Holt
562  ,Law
563  ,Blancha
564  ,Ada
565  ,Garnet
566  ,Ike
567  ,Monte
568  ,Candice
569  ,Chanda
570  ,Gretna
571  ,Harmony
572  ,Jecho
573  ,Tabbi
574  ,Benita
575  ,Nikolaus
576  ,Obediah
577  ,Vyky
578  ,Quint
579  ,Delmor
580  ,Byrom
581  ,Cathleen
582  ,Lammond
583  ,Dion
584  ,Ebba
585  ,Findley
586  ,Fawn
587  ,Maire
588  ,Stace
589  ,Sheree
590  ,Ania
591  ,Rona
592  ,Lizette
593  ,Oswell
594  ,Ophelia
595  ,Diane-marie
596  ,Lori
597  ,Farrand
598  ,Dov
599  ,Claus
600  ,Kristine
601  ,Percy
602  ,Even
603  ,Berna
604  ,Eba
605  ,Jacinthe
606  ,Shayla
607  ,Leroi
608  ,Marlie
609  ,Arvie
610  ,Carlynn
611  ,Alexei
612  ,Tommie
613  ,Mile
614  ,Cecilia
615  ,Dyane
616  ,Kerrill
617  ,Morgan
618  ,Darwin
619  ,Leelah
620  ,Urson
621  ,Forster
622  ,Ebony
623  ,Mandie
624  ,Sigrid
625  ,Berri
626  ,Carey
627  ,Rianon
628  ,Ginevra
629  ,Hussein
630  ,Querida
631  ,Athena
632  ,Frances
633  ,Vilma
634  ,Clifford
635  ,Gaspar
636  ,Em
637  ,Valerie
638  ,Philippa
639  ,Gus
640  ,Gussie
641  ,Milicent
642  ,Gabriello
643  ,Alanson
644  ,Charil
645  ,Viola
646  ,Lilian
647  ,Arie
648  ,Guillermo
649  ,Dorelle
650  ,Galen
651  ,Evelin
652  ,Addi
653  ,Nyssa
654  ,Rosene
655  ,Rafaellle
656  ,Othello
657  ,Sonja
658  ,Othella
659  ,Veronika
660  ,Dani
661  ,Aeriel
662  ,Kalvin
663  ,Petra
664  ,Wylie
665  ,Bertie
666  ,Amby
667  ,Constantin
668  ,Moises
669  ,Kellen
670  ,Lynnet
671  ,Gaby
672  ,Deni
673  ,Peter
674  ,Winnie
675  ,Katherine
676  ,Stanislaw
677  ,Edlin
678  ,Town
679  ,Jacquette
680  ,Cyndi
681  ,Juieta
682  ,Shem
683  ,Barb
684  ,Cyrille
685  ,Laetitia
686  ,Meggi
687  ,Lynnet
688  ,Roslyn
689  ,Jilleen
690  ,Jemmy
691  ,Tedmund
692  ,Aloise
693  ,Evelyn
694  ,Spencer
695  ,Gerri
696  ,Sarene
697  ,Blondie
698  ,Jonathon
699  ,Addy
700  ,Andriette
701  ,Daloris
702  ,Ulick
703  ,Ruth
704  ,Amity
705  ,Wilmette
706  ,Kynthia
707  ,Aleece
708  ,Nadeen
709  ,Camile
710  ,Sim
711  ,Margalo
712  ,Helenka
713  ,Lila
714  ,My
715  ,Blythe
716  ,Doretta
717  ,Conny
718  ,Krystle
719  ,Jermaine
720  ,Kirk
721  ,Em
722  ,Atalanta
723  ,Byron
724  ,Peyton
725  ,Francoise
726  ,Laure
727  ,Shea
728  ,Heida
729  ,Sibby
730  ,Annis
731  ,Harley
732  ,Shannan
733  ,Tonie
734  ,Nobie
735  ,Romola
736  ,Cindra
737  ,Julianne
738  ,Sybil
739  ,Aili
740  ,Matelda
741  ,Tracey
742  ,Aguste
743  ,Carola
744  ,Randi
745  ,Normy
746  ,Modesty
747  ,Abey
748  ,Legra
749  ,Augustina
750  ,Doralin
751  ,Evey
752  ,Jennilee
753  ,James
754  ,Heriberto
755  ,Alexis
756  ,Granger
757  ,Morty
758  ,Tonya
759  ,Alwyn
760  ,Francois
761  ,Junette
762  ,Evangeline
763  ,Roscoe
764  ,Mateo
765  ,Sela
766  ,Ermengarde
767  ,Reece
768  ,Stephen
769  ,Aksel
770  ,Sonia
771  ,Link
772  ,Gunar
773  ,Kenton
774  ,Wit
775  ,Augustine
776  ,Pip
777  ,Waylin
778  ,Vittorio
779  ,Ronalda
780  ,Clemmie
781  ,Nick
782  ,Luca
783  ,Olivia
784  ,Eadie
785  ,Arlen
786  ,Lockwood
787  ,Gae
788  ,Cassie
789  ,Maureene
790  ,Janek
791  ,Garrett
792  ,Dalston
793  ,Ranice
794  ,Gretta
795  ,Eada
796  ,Elvira
797  ,Patrizius
798  ,Saul
799  ,Bertrando
800  ,Vladimir
801  ,Clari
802  ,Jody
803  ,Rock
804  ,Dacia
805  ,Kirsten
806  ,Marieann
807  ,Mischa
808  ,Hewett
809  ,Rossy
810  ,Sher
811  ,Alonso
812  ,Kareem
813  ,Anestassia
814  ,Audre
815  ,Tripp
816  ,Ashil
817  ,Elmo
818  ,Therine
819  ,Gilberto
820  ,Fredrick
821  ,Justen
822  ,Horace
823  ,Sybille
824  ,Shay
825  ,Pancho
826  ,Austin
827  ,Elga
828  ,Frank
829  ,Edyth
830  ,Portia
831  ,Reinhard
832  ,Jessi
833  ,Pearle
834  ,Harlie
835  ,Bondie
836  ,Darnall
837  ,Obie
838  ,Caresa
839  ,Aeriela
840  ,Mehetabel
841  ,Aubert
842  ,Marillin
843  ,Velvet
844  ,Mufi
845  ,Caz
846  ,Janessa
847  ,Portia
848  ,Karine
849  ,Karlee
850  ,Heidi
851  ,Roman
852  ,Dew
853  ,Sonya
854  ,Ally
855  ,Yale
856  ,Evelina
857  ,Christoper
858  ,Dominique
859  ,Coreen
860  ,Ellie
861  ,Lorna
862  ,Verne
863  ,Neala
864  ,Ban
865  ,Sheeree
866  ,Helsa
867  ,Dunn
868  ,Prentiss
869  ,Hank
870  ,Faina
871  ,Randal
872  ,Lowell
873  ,Rafaello
874  ,Quint
875  ,Chrissy
876  ,Leonora
877  ,Sandro
878  ,Nonah
879  ,Barron
880  ,Donelle
881  ,Jolie
882  ,Gibby
883  ,Maible
884  ,Gusti
885  ,Lydia
886  ,Codi
887  ,Henrik
888  ,Laureen
889  ,Man
890  ,Forrester
891  ,Yardley
892  ,Ware
893  ,Ransell
894  ,Micheal
895  ,Anet
896  ,Dilan
897  ,Lulita
898  ,Engelbert
899  ,Tobey
900  ,Carmelle
901  ,Terrell
902  ,Odo
903  ,Lorrin
904  ,Jo-anne
905  ,Mikey
906  ,Gearalt
907  ,Oralia
908  ,Nahum
909  ,Carri
910  ,Vassili
911  ,Waverley
912  ,Inez
913  ,Elly
914  ,Olympe
915  ,Cy
916  ,Bianka
917  ,Jakob
918  ,Pam
919  ,Ode
920  ,Shane
921  ,Giff
922  ,Ruttger
923  ,Melodee
924  ,Genny
925  ,Romona
926  ,Petra
927  ,Lydia
928  ,Gonzales
929  ,Skippie
930  ,Junina
931  ,Magdalene
932  ,Aguistin
933  ,Constancia
934  ,Essy
935  ,Kial
936  ,Ranice
937  ,Milissent
938  ,Darrel
939  ,Gypsy
940  ,Dewain
941  ,Hakeem
942  ,Glendon
943  ,Jon
944  ,Korella
945  ,Esra
946  ,Dione
947  ,Zachary
948  ,Sheila
949  ,Evvy
950  ,Rachel
951  ,Andrey
952  ,Gweneth
953  ,Catina
954  ,Cristine
955  ,Jordan
956  ,Goldie
957  ,Giacomo
958  ,Constance
959  ,Neel
960  ,Rudiger
961  ,Tim
962  ,Gran
963  ,Deck
964  ,Frasier
965  ,Eunice
966  ,Barris
967  ,Osborn
968  ,Julio
969  ,Jaymie
970  ,Abbot
971  ,Masha
972  ,Bernhard
973  ,Kyla
974  ,Ruthie
975  ,Iorgos
976  ,Ninnetta
977  ,Margot
978  ,Edmund
979  ,Carrie
980  ,Corrinne
981  ,Rosaleen
982  ,Linda
983  ,Etty
984  ,Norris
985  ,Berny
986  ,Wanda
987  ,Oby
988  ,Davidde
989  ,Barris
990  ,Morry
991  ,Malinde
992  ,Grove
993  ,Emanuele
994  ,Hillier
995  ,Karie
996  ,Ernie
997  ,Cherry
998  ,Whitby
999  ,Berkie
1000 ,Alexina
